{"_runtime":272,"entropy":1.7731645107269287,"_step":348,"train_player":"LEFT","policy_loss":0.2089027613401413,"_wandb":{"runtime":272},"value_loss":0.04380595684051514,"reward_right":0,"current_course":"D","reward_left":1,"_timestamp":1.766475082825903e+09}