{"value_loss":0.00016239305841736495,"_wandb":{"runtime":80},"current_course":"D","_timestamp":1.766475411941122e+09,"entropy":2.3219404220581055,"_runtime":80,"reward_right":0,"_step":558,"policy_loss":0.014706830494105816,"reward_left":1,"train_player":"LEFT"}