{"_runtime":1227,"reward_left":-807,"_wandb":{"runtime":1227},"_timestamp":1.7664739364875443e+09,"train_player":"LEFT","_step":404,"value_loss":2.1979809389449656e-05,"policy_loss":0.005456411745399237,"entropy":1.9862515926361084,"current_course":"D","reward_right":-810}